created_at,updated_at,id,name,lat,lon,elevation,date_installed,mo_station_id,sms_system_type,mobile_number,station_type,station_type2,station_url,status,logger_version,priority_level,provider_id,province,region,address,deleted_at,geom
2021-07-28 06:49:13+00:00,2025-06-10 08:42:06+00:00,1,SM Marikina,14.626654,121.08507,37.0,2021-08-03,,,639662139368,SMS,,,ONLINE,,,,Metro Manila,NCR,SM Marikina,,0101000020E6100000000000C071455E40000000C0D8402D40
2021-08-05 07:51:36+00:00,2025-06-10 08:42:06+00:00,2,SM Masinag,14.62582,121.1204,36.0,2021-08-03,,,639959064603,SMS,,,ONLINE,,,,Rizal,IV-A,SM Masinag,,0101000020E6100000000000A0B4475E40000000806B402D40
2021-07-28 06:57:33+00:00,2025-06-10 08:42:06+00:00,3,SM Hypermarket Pasig,14.584257,121.07755,20.0,2021-08-04,,,639959064600,SMS,Globe,,ONLINE,,,,Metro Manila,NCR,SM Hypermarket Pasig,,0101000020E6100000000000A0F6445E40000000C0232B2D40
2021-07-28 23:47:59+00:00,2025-06-10 08:42:06+00:00,4,SM Megamall,14.5841875,121.05694,43.0,2021-08-04,,,639662139365,SMS,Globe,,ONLINE,,,,Metro Manila,NCR,SM Megamall,,0101000020E6100000000000E0A4435E40000000A01A2B2D40
2021-08-31 05:07:22+00:00,2025-06-10 08:42:06+00:00,5,SM Araneta City,14.618266,121.05585,68.0,2021-08-31,,,639662139407,SMS,Globe,,ONLINE,,,,Metro Manila,NCR,SM Cubao,,0101000020E61000000000000093435E40000000608D3C2D40
2021-08-31 05:36:57+00:00,2025-06-10 08:42:06+00:00,6,SM Sta. Mesa,14.604013,121.01916,,2021-08-31,,,639662137794,SMS,Globe,,ONLINE,,,,Metro Manila,NCR,SM Sta. Mesa,,0101000020E6100000000000E039415E400000004041352D40
2021-08-31 13:58:37+00:00,2025-04-03 06:12:06+00:00,7,SM Manila,14.589722,120.98389,34.0,2021-09-01,,,639959064578,SMS,,,ONLINE,,,,Metro Manila,NCR,SM Manila,,0101000020E610000000000000F83E5E4000000000F02D2D40
2021-09-01 01:59:05+00:00,2025-06-10 08:42:06+00:00,8,SM San Lazaro,14.618333,120.98639,16.75,2021-09-01,,,639959064581,SMS,Globe,,ONLINE,,,,Metro Manila,NCR,SM San Lazaro,,0101000020E610000000000000213F5E4000000020963C2D40
2021-09-01 15:35:08+00:00,2025-05-27 12:02:07+00:00,9,SM Aura,14.5452,121.0532,124.75,2021-09-02,,,639310268687,SMS,Smart,,ONLINE,,,,Metro Manila,NCR,SM Aura,,0101000020E6100000000000A067435E400000008024172D40
2021-09-01 14:53:57+00:00,2025-06-10 08:42:06+00:00,10,SM Novaliches,14.7085,121.038,54.7,2021-09-03,,,639959064572,SMS,,,ONLINE,,,,Metro Manila,NCR,SM Novaliches,,0101000020E6100000000000A06E425E4000000080C06A2D40
2021-09-07 00:44:48+00:00,2025-06-10 08:42:06+00:00,11,SM Taytay,14.5657,121.1413,36.0,2021-09-07,,,639662139360,SMS,,,ONLINE,,,,Rizal,IV-A,SM Taytay,,0101000020E6100000000000000B495E4000000060A3212D40
2021-09-07 00:47:20+00:00,2025-05-27 12:02:07+00:00,12,SM Angono,14.5312,121.154,45.0,2021-09-07,,,639602210404,SMS,Smart,,ONLINE,,,,Rizal,IV-A,SM Angono,,0101000020E610000000000020DB495E4000000080F90F2D40
2021-09-07 12:35:46+00:00,2025-06-10 08:42:06+00:00,13,SM Southmall,14.4332,121.0108,42.0,2021-09-14,,,639959064568,SMS,,,ONLINE,,,,Metro Manila,NCR,SM Southmall,,0101000020E610000000000000B1405E4000000060CCDD2C40
2021-09-07 12:37:28+00:00,2025-06-09 21:12:07+00:00,14,SM Center Las Piñas,14.4485,120.9813,32.0,2021-09-14,,,639959064569,SMS,,,ONLINE,,,,Metro Manila,NCR,SM Center Las Piñas,,0101000020E6100000000000A0CD3E5E40000000C0A1E52C40
2022-05-31 07:02:59+00:00,2025-05-06 07:42:06+00:00,15,SM Center Muntinlupa,14.377,121.0451,25.0,2021-09-15,,,639455964398,SMS,,,ONLINE,,,,Metro Manila,NCR,SM Center Muntinlupa,,0101000020E6100000000000E0E2425E400000002006C12C40
2021-09-14 12:44:55+00:00,2024-06-27 11:02:01+00:00,16,SM BF Homes,14.4579,121.0323,54.75,2021-09-15,,,639662139415,SMS,,,OFFLINE,,,,Metro Manila,NCR,SM BF Homes,,0101000020E61000000000004011425E40000000E071EA2C40
2021-09-15 13:04:59+00:00,2025-06-10 08:42:06+00:00,17,SM Bicutan,14.4861,121.0432,46.0,2021-09-16,,,639959064560,SMS,,,ONLINE,,,,Metro Manila,NCR,SM Bicutan,,0101000020E6100000000000C0C3425E4000000020E2F82C40
2021-09-29 00:53:20+00:00,2025-06-10 08:42:06+00:00,18,SM Rosario,14.4094,120.8576,34.0,2021-09-29,,,639662137792,SMS,,,ONLINE,,,,Cavite,IV-A,SM Rosario,,0101000020E6100000000000E0E2365E40000000E09CD12C40
2021-09-29 13:10:28+00:00,2025-05-27 15:32:06+00:00,19,SM Marilao,14.7549,120.9553,18.0,2021-09-30,,,639620670602,SMS,Smart,,OFFLINE,,,,Bulacan,III,SM Marilao,,0101000020E6100000000000A0233D5E400000004082822D40
2022-06-24 00:13:28+00:00,2025-05-08 13:02:07+00:00,20,SM Valenzuela,14.6864,120.9765,34.0,2022-07-13,,,639615266094,SMS,Smart,,ONLINE,,,,Metro Manila,NCR,,,0101000020E6100000000000007F3E5E40000000E06F5F2D40
2021-10-22 07:05:33+00:00,2025-06-10 08:42:06+00:00,21,SM Pampanga,15.0525,120.7022,12.0,2021-10-25,,,639457534057,SMS,Globe,,ONLINE,,,,Pampanga,III,SM Pampanga,,0101000020E6100000000000E0F02C5E4000000040E11A2E40
2021-10-22 07:06:22+00:00,2025-06-10 08:42:06+00:00,22,SM San Fernando Downtown,15.02778,120.6922,15.0,2021-10-25,,,639457534058,SMS,,,ONLINE,,,,Pampanga,3,,,0101000020E6100000000000004D2C5E4000000020390E2E40
2021-10-22 07:22:02+00:00,2025-06-10 08:42:06+00:00,23,SM Clark,15.1697,120.5807,104.0,2021-10-25,,,639457534062,SMS,Globe,,ONLINE,,,,Pampanga,III,SM Clark,,0101000020E6100000000000402A255E40000000E0E2562E40
2021-10-22 07:24:00+00:00,2025-06-10 08:42:06+00:00,24,SM Olongapo Downtown,14.8261,120.283,40.0,2021-10-26,,,639562012621,SMS,Globe,,ONLINE,,,,Zambales,3,"Gordon Ave. Brgy. Pag-asa, Olongapo",,0101000020E6100000000000A01C125E40000000A0F6A62D40
2021-10-22 07:40:57+00:00,2025-06-10 08:42:06+00:00,25,SM Tarlac,15.4784,120.594,45.0,2021-10-26,,,639542497270,SMS,Globe,,ONLINE,,,,Tarlac,III,SM Tarlac,,0101000020E61000000000002004265E40000000E0F0F42E40
2021-10-22 07:41:58+00:00,2025-06-10 08:42:06+00:00,26,SM Rosales,15.8784,120.6006,25.0,2021-10-27,,,639457534072,SMS,Globe,,ONLINE,,,,Pangasinan,I,SM Rosales,,0101000020E61000000000004070265E40000000A0BDC12F40
2021-12-01 01:04:45+00:00,2025-06-10 08:42:06+00:00,27,SM Sta. Rosa,14.3132,121.0989,26.5,2021-12-01,,,639457534074,SMS,,,ONLINE,,,,Laguna,IV-A,SM Sta. Rosa,,0101000020E61000000000006054465E40000000C05BA02C40
2021-12-01 01:07:24+00:00,2025-06-10 08:42:06+00:00,28,SM Calamba,14.2029,121.1552,39.0,2021-12-01,,,639457534076,SMS,,,ONLINE,,,,Laguna,IV-A,SM Calamba,,0101000020E6100000000000C0EE495E4000000080E2672C40
2021-12-01 01:23:49+00:00,2025-06-10 08:42:06+00:00,29,SM San Pablo,14.0714,121.3017,107.0,2021-12-01,,,639457534080,SMS,Globe,,ONLINE,,,,Laguna,IV-A,SM San Pablo,,0101000020E6100000000000004F535E40000000808E242C40
2021-12-01 01:24:28+00:00,2025-06-09 20:22:06+00:00,30,SM Lipa,13.9548,121.1631,346.0,2021-12-02,,,639457534082,SMS,Globe,,ONLINE,,,,Batangas,IV-A,SM Lipa,,0101000020E610000000000040704A5E4000000080DBE82B40
2021-12-01 01:33:09+00:00,2025-06-10 08:42:06+00:00,31,SM Batangas,13.755,121.0681,29.0,2021-12-02,,,639457534085,SMS,,,ONLINE,,,,Batangas,IV-A,SM Batangas,,0101000020E6100000000000C05B445E40000000608F822B40
2021-12-01 01:32:49+00:00,2025-05-22 10:02:07+00:00,32,SM Lucena,13.9414,121.6259,45.0,2021-12-03,,,639457534084,SMS,,,ONLINE,,,,Quezon,IV-A,SM Lucena,,0101000020E6100000000000C00E685E4000000020FFE12B40
2022-03-29 01:24:11+00:00,2024-11-11 08:52:01+00:00,33,North Wind - Ilocos Norte,18.5268,120.6872,18.0,2022-03-29,,,639457534090,SMS,,,ONLINE,,,,Ilocos Norte,I,North Wind - Ilocos Norte,,0101000020E610000000000020FB2B5E4000000060DC863240
2022-03-29 01:32:10+00:00,2025-05-27 15:42:07+00:00,34,SM Cauayan,16.9374,121.7697,62.2,2022-03-30,,,639620670972,SMS,Smart,,OFFLINE,,,,Isabela,II,SM Cauayan,,0101000020E6100000000000C042715E4000000080F9EF3040
2022-03-30 04:12:14+00:00,2025-06-10 08:42:06+00:00,35,SM Baguio,16.4071,120.5989,1483.0,2022-03-31,,,639773284483,SMS,,,ONLINE,,,,Benguet,CAR,SM Baguio,,0101000020E61000000000006054265E40000000C037683040
2022-04-20 03:18:41+00:00,2025-02-28 16:00:06+00:00,36,"The Country Club - Cabuyao, Laguna",14.2288,121.0864,102.0,2023-04-28,,,,MO,Default,https://api.weatherlink.com/v1/NoaaExt.json?user=001D0A010181&pass=J3su1tVill@,ONLINE,,,,Laguna,IV-A,"Cabuyao, Laguna",,0101000020E6100000000000A087455E400000004025752C40
2022-05-26 02:15:53+00:00,2025-06-10 08:42:06+00:00,37,SM Naga,13.6204,123.1901,20.0,2022-05-27,,,639455964384,SMS,,,ONLINE,,,,Naga City,V,SM Naga,,0101000020E6100000000000A02ACC5E4000000020A53D2B40
2021-09-30 06:57:16+00:00,2025-06-10 08:42:06+00:00,38,SM Baliwag,14.9604,120.8899,23.0,2022-07-13,,,639457534056,SMS,,,ONLINE,,,,Bulacan,3,SM Baliwag,,0101000020E610000000000020F4385E4000000080B9EB2D40
2022-05-26 03:30:26+00:00,2024-07-05 06:42:01+00:00,39,SM Dasmariñas,14.3011,120.9569,149.0,2022-06-30,,,639455964383,SMS,,,OFFLINE,,,,Cavite,4A,SM Dasmariñas,,0101000020E6100000000000E03D3D5E40000000C0299A2C40
2022-06-30 15:26:33+00:00,2025-06-10 08:42:06+00:00,40,SM Iloilo,10.7159,122.5523,92.0,2022-07-06,,,639455964382,SMS,Globe,,ONLINE,,,,Iloilo,6,SM Iloilo,,0101000020E6100000000000E058A35E40000000808A6E2540
2022-06-30 17:08:50+00:00,2025-06-10 08:42:06+00:00,41,SM Cebu,10.31139,123.9189,26.0,2022-07-08,,,639455964391,SMS,,,ONLINE,,,,Cebu,7,SM Cebu,,0101000020E610000000000040CFFA5E40000000806E9F2440
,2025-06-10 08:42:06+00:00,42,SM Bacoor,14.4451,120.951,46.0,2022-07-12,,,639153485075,SMS,,,ONLINE,,,,Cavite,4A,,,0101000020E610000000000020DD3C5E4000000020E4E32C40
2022-06-30 03:34:26+00:00,2025-06-10 08:42:07+00:00,43,SM Delgado,10.69908,122.56682,18.0,2022-07-15,,,639455964427,SMS,,,ONLINE,,,,Iloilo,6,,,0101000020E6100000000000C046A45E40000000E0ED652540
2022-06-30 15:27:02+00:00,2025-05-25 22:02:07+00:00,44,SM Seaside Cebu,10.282989,123.881676,4.0,2022-07-16,,,639455964385,SMS,,,ONLINE,,,,Cebu,7,,,0101000020E6100000000000606DF85E40000000E0E3902440
2022-06-30 17:08:42+00:00,2025-06-10 08:42:07+00:00,45,SM Consolacion,10.382,123.9638,76.0,2022-07-16,,,639455964393,SMS,,,ONLINE,,,,Cebu,7,,,0101000020E6100000000000E0AEFD5E400000008095C32440
2022-06-30 14:56:11+00:00,2025-06-10 08:42:07+00:00,46,SM Davao,7.0495,125.5893,89.0,2022-07-20,,,639455964401,SMS,,,ONLINE,,,,Davao,9,Quimpo Blvd Brgy. Matina,,0101000020E610000000000020B7655F4000000020B0321C40
2022-08-02 12:02:40+00:00,2025-06-10 08:42:07+00:00,47,SM General Santos,6.1168,125.18,34.0,2022-08-03,,,639455585679,SMS,,,ONLINE,,,,South Cotabato,12,,,0101000020E610000000000020854B5F40000000609A771840
2022-08-18 01:31:19+00:00,2025-06-10 08:42:07+00:00,48,SM Molino,14.3837,120.9773,62.0,2022-08-18,,,639455585671,SMS,,,ONLINE,,,,Cavite,4A,,,0101000020E6100000000000208C3E5E400000006074C42C40
2022-08-24 13:34:26+00:00,2025-06-10 08:42:07+00:00,49,SM CDO Uptown,8.4565,124.6224,137.0,2022-09-06,,,639457534063,SMS,,,ONLINE,,,,,,SM CDO Uptown,,0101000020E610000000000060D5275F4000000060BAE92040
2022-09-03 02:19:52+00:00,2025-06-10 08:42:07+00:00,50,SM Lanang,7.0984,125.6305,38.0,2022-09-09,,,639455585678,SMS,,,ONLINE,,,,,,SM Lanang,,0101000020E6100000000000205A685F4000000000C3641C40
2018-12-19 07:28:26+00:00,2024-06-18 06:55:29+00:00,5001,"Nangka, Marikina City",14.6691,121.1096,21.0,2017-01-01,PHM001,,,MO,Default,https://api.weatherlink.com/v1/NoaaExt.xml?user=001D0AC0363B&pass=elobserv100,ONLINE,,,,Metro Manila,NCR,Ateneoville Nangka,,0101000020E6100000000000A003475E400000004094562D40
2018-12-19 07:28:26+00:00,2025-02-28 16:00:09+00:00,5002,Ateneo de Zamboanga,6.9102,122.0761,14.0,2017-01-01,PHM002,,,MO,MO,https://api.weatherlink.com/v1/NoaaExt.xml?user=001D0A002457&pass=t@b1ngd@gat,ONLINE,,,,,,Zamboanga City,,0101000020E6100000000000E0DE845E40000000800BA41B40
2018-12-19 07:28:26+00:00,2025-06-10 08:42:07+00:00,5003,Manila Observatory,14.636002,121.077446,90.0,2017-01-01,PHM003,,,MO,MO,https://api.weatherlink.com/v1/NoaaExt.json?user=001D0A002452&pass=f@uR@150,ONLINE,,,,,,"Loyola Heights, Quezon City",,0101000020E6100000000000E0F4445E4000000000A2452D40
2018-12-19 07:28:26+00:00,2025-02-28 16:00:15+00:00,5004,Manila Observatory - Davao,7.07,125.58,133.0,2017-01-01,PHM004,,,MO,MO,https://api.weatherlink.com/v1/NoaaExt.json?user=001D0A002336&pass=danpatkiko,ONLINE,,,,,,"Matina Hills, Davao City (Manila Observatory)",,0101000020E6100000000000C01E655F4000000020AE471C40
2018-12-19 07:28:26+00:00,2025-02-28 16:00:18+00:00,5005,Xavier University,8.476521,124.64837,15.0,2022-11-22,PHM005,,,MO,MO,https://api.weatherlink.com/v1/NoaaExt.json?user=001D0A0023D0&pass=xuws2349679,ONLINE,,,,,,SBM Building Xavier University Cagayan de Oro,,0101000020E6100000000000E07E295F4000000080FAF32040
2018-12-19 07:28:26+00:00,2023-07-19 05:27:52+00:00,5006,zipzone,8.233237,124.80469,1163.0,2017-01-01,PHM006,,,MO,MO,https://api.weatherlink.com/v1/NoaaExt.xml?user=001D0A00A836&pass=uc1/zipzone,INACTIVE,,,,,,"Dahilayan, Bukidnon (Dahilayan Adventure Park)",2023-07-19 13:27:52,0101000020E61000000000000080335F40000000E06A772040
2018-12-19 07:28:26+00:00,2022-06-22 02:41:22+00:00,5007,mw001,14.439989,121.00529,29.0,2017-01-01,PHM007,,,MO,MO,,INACTIVE,,,,,,"Southland,Talon Uno, Las PInas City (Caltex)",2022-06-22 10:41:22,0101000020E6100000000000A056405E400000004046E12C40
2018-12-19 07:28:26+00:00,2025-02-28 15:00:26+00:00,5008,"Caltex - Brgy. Holy Spirit, QC",14.673406,121.079254,82.0,2012-09-20,PHM008,,639457534101,MO,Data:Globe,https://api.weatherlink.com/v1/NoaaExt.xml?user=001D0A0056D4&pass=h0lysp1r1t,ONLINE,,,,,NCR,"Brgy. Holy Spirit, Quezon City (Caltex)",,0101000020E61000000000008012455E40000000A0C8582D40
2018-12-19 07:28:26+00:00,2025-02-28 16:00:22+00:00,5009,"Caltex - Sumulong Ave., Antipolo",14.618432,121.130356,41.0,2012-09-21,PHM009,,639457534095,MO,Data:Globe,https://api.weatherlink.com/v1/NoaaExt.json?user=001D0A00573A&pass=sumul0ng,ONLINE,,,,Rizal,4A,"Sumulong Avenue Brgy. Mambugan, Antipolo, Rizal (Caltex)",,0101000020E6100000000000C057485E4000000020A33C2D40
2018-12-19 07:28:26+00:00,2025-02-28 16:00:23+00:00,5010,"Caltex - Manggahan Floodway, Pasig",14.583106,121.097305,9.0,2012-09-22,PHM010,,639455964415,MO,Data:Globe,https://api.weatherlink.com/v1/NoaaExt.json?user=001D0A00570A&pass=m@ngg@h@n,ONLINE,,,,,NCR,"Manggahan Floodway, Pasig City (Caltex)",,0101000020E6100000000000403A465E40000000E08C2A2D40
2018-12-19 07:28:26+00:00,2024-06-13 11:00:33+00:00,5011,"Caltex - M. Naval, Navotas",14.668169,120.94354,7.0,2012-09-12,PHM011,,639457534102,MO,Data:Globe,https://api.weatherlink.com/v1/NoaaExt.json?user=001D0A005759&pass=m@b1n1,ONLINE,,,,,NCR,M.Naval St. Navotas,,0101000020E610000000000000633C5E40000000401A562D40
2018-12-19 07:28:26+00:00,2024-04-25 03:00:38+00:00,5012,"Caltex - Sta. Cruz, Manila",14.62567,120.98907,9.0,2012-09-24,PHM012,,639457534094,MO,Data:Globe,https://api.weatherlink.com/v1/NoaaExt.json?user=001D0A00572F&pass=t@yum@n,ONLINE,,,,,NCR,"Dimasalang cor. Blumentritt Sta. Cruz, Manila (Caltex-MO)",,0101000020E6100000000000E04C3F5E40000000E057402D40
2022-06-08 04:34:30+00:00,2025-02-28 16:00:37+00:00,5013,"Caltex - Tunasan, Muntinlupa",14.381782,121.04503,22.0,2022-05-11,,,639455964378,MO,Data:Globe,https://api.weatherlink.com/v1/NoaaExt.json?user=001D0A0056D1&pass=blum3ntr1tt,ONLINE,,,,Metro Manila,NCR,,,0101000020E6100000000000C0E1425E40000000E078C32C40
2018-12-19 07:28:27+00:00,2025-02-28 16:00:40+00:00,5014,"Caltex - Pamplona Uno, Las Piñas",14.45465,120.97288,12.0,2022-05-06,PHM014,,639455964425,MO,Data:Globe,https://api.weatherlink.com/v1/NoaaExt.json?user=001D0A00574B&pass=k@b1h@snan,ONLINE,,,,,NCR,"Alabang-Zapote Rd. Pamplona Uno, Las Piñas",,0101000020E6100000000000A0433E5E40000000E0C7E82C40
2018-12-19 07:28:27+00:00,2025-01-31 15:00:53+00:00,5015,"Caltex - San Isidro, Parañaque",14.47078,121.0092,16.0,2012-09-26,PHM015,,639455964426,MO,Data:Globe,https://api.weatherlink.com/v1/NoaaExt.json?user=001D0A005703&pass=s@n1s1dr0,ONLINE,,,,,NCR,"Dr. A. Santos Ave. San Isidro, Parañaque (Caltex)",,0101000020E6100000000000C096405E40000000200AF12C40
2018-12-19 07:28:27+00:00,2025-02-28 03:00:45+00:00,5016,"Caltex - Merville, Pasay City",14.50937,121.0329,23.0,2012-09-26,PHM016,,639455964416,MO,Data:Globe,https://api.weatherlink.com/v1/NoaaExt.json?user=001D0A0056F7&pass=m3rv1ll3,ONLINE,,,,,NCR,"West Service Rd. Merville, Pasay City (Caltex)",,0101000020E6100000000000001B425E4000000020CC042D40
2018-12-19 07:28:27+00:00,2021-07-07 10:16:13+00:00,5017,mw017,14.56531,120.98684,17.0,2017-01-01,PHM017,,,MO,MO,https://api.weatherlink.com/v1/NoaaExt.xml?user=001D0A005759&pass=m@b1n1,INACTIVE,,,,,,"Quirino Ave, Manila (Caltex)",,0101000020E610000000000060283F5E400000004070212D40
2018-12-19 07:28:27+00:00,2025-02-28 15:00:58+00:00,5018,"Caltex - Brgy. Dela Paz, Pasig City",14.608298,121.103935,17.0,2013-06-13,PHM018,,639457534098,MO,Data:Globe,https://api.weatherlink.com/v1/NoaaExt.json?user=001D0A005755&pass=c@1nt@mw,ONLINE,,,,,NCR,"Felix Ave. Brgy. Dela Paz, Pasig City",,0101000020E6100000000000E0A6465E40000000E072372D40
2018-12-19 07:28:27+00:00,2025-02-28 15:01:03+00:00,5019,Shell - Diversion Mandurriao,10.709831,122.55122,9.0,2017-01-01,Shell001,,,MO,MO,https://api.weatherlink.com/v1/NoaaExt.json?user=001D0A009CAB&pass=d1vers10n&apiToken=12A8DCCE25974B35BD1F0FF6C6DDDDDE,ONLINE,,,,,,"Mandurriao, Iloilo City",,0101000020E61000000000004047A35E40000000006F6B2540
2018-12-19 07:28:27+00:00,2024-12-28 18:01:02+00:00,5020,Shell - Lapuz Depot,10.696536,122.582054,5.0,2017-01-01,Shell002,,,MO,MO,https://api.weatherlink.com/v1/NoaaExt.json?user=001D0A009C73&pass=l@pu$&apiToken=59A41190610447FAAB2806FC624F5F87,ONLINE,,,,,,"Brgy. Mansaya, Lapuz La Paz, Iloilo",,0101000020E61000000000006040A55E4000000060A0642540
2018-12-19 07:28:27+00:00,2025-02-28 15:01:11+00:00,5021,Shell Passi NB,11.106,122.6469,60.0,2015-05-28,PHM021,,,MO,Default,https://api.weatherlink.com/v1/NoaaExt.json?user=001D0A009C35&pass=p@ss1nb,ONLINE,,,,Iloilo,6,PASSI NB,,0101000020E6100000000000C066A95E40000000A045362640
2018-12-19 07:28:27+00:00,2025-02-28 15:01:13+00:00,5022,Shell - Lambunao,11.063401,122.485214,155.0,2017-01-01,Shell007,,,MO,MO,https://api.weatherlink.com/v1/NoaaExt.json?user=001D0A009CD3&pass=l@mbun@0&apiToken=724EA2A6F3324EEDBCBCFF2C431EA8E2,ONLINE,,,,,,"Brgy. Poblacion Ilawod, Lambunao, Iloilo",,0101000020E6100000000000C00D9F5E400000002076202640
2018-12-19 07:28:27+00:00,2025-02-28 15:01:15+00:00,5023,Sta. Barbara Municipal DRRMO,10.8288,122.5332,39.0,2017-01-01,Shell007,,,MO,MO,https://api.weatherlink.com/v1/NoaaExt.json?user=001D0A009D1E&pass=st@b@rb@r@&apiToken=9818BC33C95649348D5A80F67A75AA46,ONLINE,,,,,,"Sta. Barbara, Iloilo",,0101000020E61000000000000020A25E400000008058A82540
2018-12-19 07:28:27+00:00,2025-02-28 15:01:18+00:00,5024,Shell - Pavia,10.74981,122.539314,14.0,2017-01-01,Shell008,,,MO,MO,https://api.weatherlink.com/v1/NoaaExt.json?user=001D0A009DD5&pass=p@v1@sh311&apiToken=9F571BD3C321458F9DFFA8CD3D9EE0A7,ONLINE,,,,,,"Brgy. Ungka II, Iloilo City",,0101000020E61000000000002084A25E4000000020E77F2540
2018-12-19 07:28:27+00:00,2025-02-28 15:01:23+00:00,5025,Shell - Villa Arevalo,10.6927,122.5025,26.0,2017-01-01,Shell009,,,MO,MO,https://api.weatherlink.com/v1/NoaaExt.json?user=001D0A009C78&pass=v1ll@$h3ll&apiToken=E338C7A6A69444F0A060768760FFA7EC,ONLINE,,,,,,"Osmeña St. Villa Arevalo District, Iloilo",,0101000020E61000000000000029A05E40000000A0A9622540
2018-12-19 07:28:27+00:00,2021-07-07 10:16:13+00:00,5026,Shell010,10.74679,122.56733,9.8,2017-01-01,Shell010,,,MO,MO,https://api.weatherlink.com/v1/NoaaExt.xml?user=001D0A009E0D&pass=j@r0$h3ll,INACTIVE,,,,,,MC AURTHUR HIGHWAY BRGY TAGBAC JARO,,0101000020E6100000000000204FA45E40000000405B7E2540
2018-12-19 07:28:27+00:00,2025-02-28 15:01:27+00:00,5027,Hi-Serve Shell  NHA Buhangin,7.1143,125.6227,30.0,2015-05-28,PHM027,,,MO,Default,https://api.weatherlink.com/v1/NoaaExt.json?user=001D0A009C05&pass=c@b@nt1@n&apiToken=A5CE9BB7B6DE4E60BA925FD164929889,ONLINE,,,,Davao del Sur,11,"Brgy. Cabantian, Davao City",,0101000020E610000000000060DA675F40000000000B751C40
2018-12-19 07:28:27+00:00,2021-07-07 10:16:13+00:00,5028,Shell013,7.122102,125.65903,5.0,2017-01-01,PHM028,,,MO,MO,https://api.weatherlink.com/v1/NoaaExt.xml?user=001D0A009BFE&pass=s@s@d3p0t,INACTIVE,,,,,,SHELL SASA DEPOT,,0101000020E6100000000000802D6A5F4000000040087D1C40
2018-12-19 07:28:27+00:00,2025-02-28 15:01:32+00:00,5029,Shell - Leon Garcia St.,7.0801,125.6246,23.0,2015-07-09,PHM029,,,MO,Default,https://api.weatherlink.com/v1/NoaaExt.json?user=001D0A009C38&pass=c@rp3nt3r&apiToken=FF389BFAFC374D97AE146DCBE9A9716F,ONLINE,,,,Davao del Sur,11,"Leon Garcia St. Agdao, Davao City",,0101000020E610000000000080F9675F40000000C005521C40
2018-12-19 07:28:27+00:00,2024-10-23 21:01:27+00:00,5030,Shell - Diversion Tigatto Ma-a,7.098626,125.57509,47.0,2015-07-09,PHM030,,,MO,Default,https://api.weatherlink.com/v1/NoaaExt.json?user=001D0A009D83&pass=m@h@yh@y&apiToken=45A6047A02EE4CD6B839EA7ACB5F4772,ONLINE,,,,Davao del Sur,11,"Mahayhay S Diversion Rd. Langub Ma-a, Davao City",,0101000020E610000000000040CE645F4000000040FE641C40
2018-12-19 07:28:27+00:00,2024-03-31 15:01:19+00:00,5031,Shell - Matina Aplaya,7.0408,125.5762,30.0,2015-07-09,PHM031,,,MO,Default,https://api.weatherlink.com/v1/NoaaExt.json?user=001D0A009CE1&pass=sh@nghai11&apiToken=91BC487851734CA8AA90DF172718ACA0,ONLINE,,,,Davao del Sur,11,"Brgy. 75A Matina Aplaya, Davao City",,0101000020E610000000000080E0645F4000000080C7291C40
2018-12-19 07:28:27+00:00,2025-02-28 15:01:43+00:00,5032,Shell - Ulas Talomo,7.0554,125.5464,19.0,2015-07-10,PHM032,,,MO,Default,https://api.weatherlink.com/v1/NoaaExt.json?user=001D0A009DF1&pass=u1@st@l0m0&apiToken=77EE6836CA424F5BB53818B262052BB7,ONLINE,,,,Davao del Sur,11,"Ulas Talomo, Davao City",,0101000020E610000000000040F8625F40000000C0BA381C40
2018-12-19 07:28:27+00:00,2025-02-28 15:01:44+00:00,5033,Shell - Bago Aplaya Talomo,7.042395,125.52871,7.3,2015-07-10,PHM033,,639661191328,MO,Data:Globe,https://api.weatherlink.com/v1/NoaaExt.json?user=001D0A009C28&pass=@pl@y@&apiToken=A85B56742C8542998B1405BB3137F668,ONLINE,,,,Davao del Sur,11,"Bago Aplaya Talomo, Davao City",,0101000020E610000000000060D6615F40000000A0692B1C40
2018-12-19 07:28:27+00:00,2024-10-23 21:01:44+00:00,5034,Shell - Calinan,7.1736,125.4706,200.0,2015-07-10,PHM034,,,MO,Default,https://api.weatherlink.com/v1/NoaaExt.json?user=001D0A009C91&pass=c@l1n@n&apiToken=4BAAF3BD441F4347A82B982878469FC9,ONLINE,,,,Davao del Sur,11,"National Highway Calinan, Davao City",,0101000020E6100000000000401E5E5F4000000040C4B11C40
2018-12-19 07:28:28+00:00,2022-06-01 04:02:13+00:00,5035,Shell023,14.595786,121.00373,5.3,2017-01-01,PHM035,,,MO,MO,,INACTIVE,,,,,,Pandacan Manila,,0101000020E6100000000000203D405E40000000E00A312D40
2018-12-19 07:28:28+00:00,2021-07-07 10:16:13+00:00,5036,Shell024,13.503911,123.03482,31.0,2017-01-01,PHM036,,,MO,MO,https://api.weatherlink.com/v1/NoaaExt.xml?user=001D0A009DE7&pass=p@s@c@0,INACTIVE,,,,,,Pasacao Camarines Sur,,0101000020E6100000000000803AC25E40000000A000022B40
2018-12-19 07:28:28+00:00,2025-02-10 20:01:56+00:00,5037,Shell Anibong Depot,11.2603,124.9864,20.0,2015-05-28,PHM037,,,MO,Default,https://api.weatherlink.com/v1/NoaaExt.json?user=001D0A009C2D&pass=@n1b0ng,ONLINE,,,,Leyte,8,Anibong Tacloban City,,0101000020E610000000000020213F5F400000000046852640
2018-12-19 07:28:28+00:00,2024-01-12 13:01:43+00:00,5038,Shell - Masbate Depot,12.3625,123.6078,26.0,2017-01-01,PHM038,,,MO,Default,https://api.weatherlink.com/v1/NoaaExt.json?user=001D0A009343&pass=m@$b@t3&apiToken=C99B0341A25E490AA9C5276BDAD0A432,ONLINE,,,,,,Masbate Masbate,,0101000020E610000000000040E6E65E40000000A099B92840
2018-12-19 07:28:28+00:00,2023-03-21 13:46:29+00:00,5039,Shell Tagbilaran Depot,9.6519,123.8498,21.0,2022-12-17,PHM039,,,MO,Default,https://api.weatherlink.com/v1/NoaaExt.json?user=001D0A009DD3&pass=t@gb1l@r@n&apiToken=A85B56742C8542998B1405BB3137F668,OFFLINE,,,,,,"Tagbilaran, Bohol",,0101000020E61000000000002063F65E40000000E0C54D2340
2018-12-19 07:28:28+00:00,2025-02-28 16:01:51+00:00,5040,Shell Cabadbaran Terminal Depot,9.1251,125.5256,35.0,2017-01-01,PHM040,,,MO,Default,https://api.weatherlink.com/v1/NoaaExt.json?user=001D0A009E11&pass=c@b@db@r@n,ONLINE,,,,Agusan del Norte,13,Cabadbaran City,,0101000020E610000000000060A3615F40000000200D402240
2018-12-19 07:28:28+00:00,2021-07-07 10:16:13+00:00,5041,Shell031,13.427549,121.201965,15.5,2017-01-01,PHM041,,,MO,MO,https://api.weatherlink.com/v1/NoaaExt.xml?user=001D0A009C92&pass=c@l@p@n,INACTIVE,,,,,,Calapan Oriental Mindoro,,0101000020E610000000000000ED4C5E40000000C0E7DA2A40
2018-12-19 07:28:28+00:00,2025-02-28 15:02:04+00:00,5042,Shell Gusa,8.4768,124.6771,10.0,2023-11-26,PHM042,,,MO,MO,https://api.weatherlink.com/v1/NoaaExt.json?user=001D0A009C8F&pass=gu$@h1w@y&spiToken=3C93215754CF48148FD3A8F8C8D90898,ONLINE,,,,,,National Highway Cagayan de Oro,,0101000020E6100000000000A0552B5F40000000201FF42040
2018-12-19 07:28:28+00:00,2021-07-07 10:16:13+00:00,5043,Shell033,8.497295,124.63026,9.3,2017-01-01,PHM043,,,MO,MO,https://api.weatherlink.com/v1/NoaaExt.xml?user=001D0A009E09&pass=k@usw@g@n,INACTIVE,,,,,,NHA Hiway Kauswagan Cagayan de Oro City,,0101000020E61000000000002056285F40000000809DFE2040
2018-12-19 07:28:28+00:00,2025-02-28 15:02:06+00:00,5044,Shell CDO Depot,8.49541,124.65926,15.0,2022-11-23,PHM044,,639457534070,MO,Data:Globe,https://api.weatherlink.com/v1/NoaaExt.json?user=001D0A009CE2&pass=nM1fcd0&spiToken=C40E4DE3FE5F4F76B243821D023E58DE,ONLINE,,,,,,Corrales Ext Cagayan de Oro,,0101000020E610000000000060312A5F4000000060A6FD2040
2018-12-19 07:28:28+00:00,2023-11-30 09:01:45+00:00,5045,Shell Puerto Sayre Highway,8.5007,124.7505,7.0,2022-11-24,PHM045,,639602210418,MO,Data:Smart,https://api.weatherlink.com/v1/NoaaExt.json?user=001D0A009C5E&pass=pu3rT0&spiToken=8156DD7134E44BEEBD219F041F3AE5F0,OFFLINE,,,,,,"Sayre Highway Puerto, Cagayan de Oro",,0101000020E61000000000004008305F40000000C05B002140
2018-12-19 07:28:28+00:00,2021-07-07 10:16:13+00:00,5046,Shell036,8.450758,124.623055,104.0,2017-01-01,PHM046,,,MO,MO,https://api.weatherlink.com/v1/NoaaExt.xml?user=001D0A009C66&pass=x@v13r3state$,INACTIVE,,,,,,Airport Road Xavier Estates Cagayan de Oro City,,0101000020E610000000000020E0275F40000000C0C9E62040
2018-12-19 07:28:28+00:00,2021-07-07 10:16:13+00:00,5047,Shell037,8.48436,124.65892,6.3,2017-01-01,PHM047,,,MO,MO,https://api.weatherlink.com/v1/NoaaExt.xml?user=001D0A009E0F&pass=l@pa$aN,INACTIVE,,,,,,CM RECTO AVE COR AGORA RD LAPASAN CAGAYAN DE ORO CITY,,0101000020E6100000000000C02B2A5F4000000000FEF72040
2018-12-19 07:28:28+00:00,2021-07-07 10:16:13+00:00,5048,Shell038,8.478869,124.6381,9.8,2017-01-01,PHM048,,,MO,MO,https://api.weatherlink.com/v1/NoaaExt.xml?user=001D0A009E08&pass=c@rM3N,INACTIVE,,,,,,Vamenta Blvd  Carmen Cagayan de Oro City,,0101000020E6100000000000A0D6285F40000000602EF52040
2018-12-19 07:28:28+00:00,2025-02-28 15:02:15+00:00,5049,Shell Baloy Tablon,8.473,124.7128,6.0,2022-11-24,PHM049,,639696033805,MO,Data:Smart,https://api.weatherlink.com/v1/NoaaExt.json?user=001D0A009E2B&pass=b@l0yTabl0N&spiToken=1E64E899A22E4E01B44C2D7400C1303A,ONLINE,,,,,,"Butuan - Cagayan de Oro - Iligan Road Baloy Tablon, Cagayan de Oro",,0101000020E6100000000000809E2D5F40000000002DF22040
2018-12-19 07:28:28+00:00,2025-02-28 15:02:17+00:00,5050,Shell Iponan,8.5032,124.5989,14.0,2022-11-22,PHM050,,639696033812,MO,Data:Smart,https://api.weatherlink.com/v1/NoaaExt.json?user=001D0A009E3B&pass=1p0n@N&spiToken=EA6AC76700114DCAAB1D75F72CDDAD06,ONLINE,,,,,,"National Highway Iponan, Cagayan de Oro",,0101000020E61000000000006054265F4000000060A3012140
2018-12-19 07:28:28+00:00,2025-02-28 15:02:19+00:00,5051,Shell - Mati Davao Oriental,6.946,126.237,25.0,2015-07-11,PHM051,,,MO,Default,https://api.weatherlink.com/v1/NoaaExt.json?user=001D0A009E39&pass=0r13nt@l2&apiToken=4796D74EE6494F0AA0B5DEE559ECAAB3,ONLINE,,,,Davao Oriental,11,"Matiao, Mati, Davao Oriental",,0101000020E6100000000000002B8F5F4000000040B4C81B40
2018-12-19 07:28:28+00:00,2023-05-12 04:55:37+00:00,5052,"Mati, Davao Oriental (SHELL-MO-GLOBE-MATI DIOCESE)",6.992478,126.28235,16.0,2017-01-01,PHM052,,,MO,MO,https://api.weatherlink.com/v1/NoaaExt.xml?user=001D0A009E39&pass=0r13nt@l2,INACTIVE,,,,,,"Mati, Davao Oriental (SHELL-MO-GLOBE-MATI DIOCESE)",2023-05-12 12:55:37,0101000020E61000000000000012925F40000000204CF81B40
2018-12-19 07:28:28+00:00,2025-02-28 15:02:21+00:00,5053,Immaculate Conception Parish of Baganga,7.5746,126.5617,18.0,2015-07-11,PHM053,,,MO,Default,https://api.weatherlink.com/v1/NoaaExt.json?user=001D0A009D82&pass=0R13NT@l2&apiToken=75AC9B29CEE74560A5CD85693A2EA1CF,ONLINE,,,,Davao Oriental,11,"Baganga, Davao Oriental",,0101000020E6100000000000E0F2A35F4000000000644C1E40
2018-12-19 07:28:28+00:00,2024-11-21 01:02:32+00:00,5054,Iloilo City Hall,10.693244,122.57305,10.0,2017-01-01,Shell026,,,MO,MO,https://api.weatherlink.com/v1/NoaaExt.xml?user=001D0A009E3C&pass=c0mm@nc3nt3r,ONLINE,,,,,,De la Rama St. Iloilo City,,0101000020E6100000000000E0ACA45E40000000E0F0622540
2018-12-19 07:28:29+00:00,2024-03-10 01:02:22+00:00,5055,Shell Oil Depot Iligan,8.2098,124.2204,9.0,2022-11-25,PHM055,,,MO,MO,https://api.weatherlink.com/v1/NoaaExt.json?user=001D0A009C57&pass=i1ig@n&spiToken=F30D4935762A4932A8E2308889E34520,ONLINE,,,,,,"Iligan, Lanao del Norte",,0101000020E6100000000000001B0E5F40000000E06A6B2040
2018-12-19 07:28:29+00:00,2021-07-07 10:16:13+00:00,5056,mw030,14.736148,121.152054,30.0,2017-01-01,PHM056,,,MO,MO,https://api.weatherlink.com/v1/NoaaExt.xml?user=001D0A009DE9&pass=s@nr@f@3l,INACTIVE,,,,,,San Rafael Rodriguez Rizal,,0101000020E610000000000040BB495E4000000060E8782D40
2018-12-19 07:28:29+00:00,2025-01-31 15:02:38+00:00,5057,Shell NLEX NB Balagtas,14.8306,120.909,25.0,2015-09-23,PHM057,,639310121134,MO,Data:Smart,https://api.weatherlink.com/v1/NoaaExt.json?user=001D0A009E35&pass=b@l@gt@s,ONLINE,,,,Bulacan,3,NLEX NB Balagtas,,0101000020E6100000000000002D3A5E400000006044A92D40
2018-12-19 07:28:29+00:00,2025-02-28 15:02:34+00:00,5058,Calumpit - Bulacan,14.89705,120.78478,,2022-12-23,PHM058,,,MO,Default,https://api.weatherlink.com/v1/NoaaExt.json?user=001D0A009DD7&pass=0r@$s@m@r&apiToken=B568DB2263C5482BB5EB8F2206148F4F,ONLINE,,,,,,"Calumpit, Bulacan",,0101000020E6100000000000E039325E40000000204ACB2D40
2018-12-19 07:28:29+00:00,2023-11-30 09:02:12+00:00,5059,Tacloban City Hall CDRRMO,11.2434,125.0082,40.0,2016-07-20,PHM059,,,MO,Default,https://api.weatherlink.com/v1/NoaaExt.json?user=001D0A009DE3&pass=t@c1ob@n,OFFLINE,,,,Leyte,8,Tacloban Ciy Hall,,0101000020E61000000000006086405F40000000E09E7C2640
2018-12-19 07:28:29+00:00,2024-07-11 15:02:40+00:00,5060,Salcedo Municipal Hall,11.1491,125.6631,30.0,2016-07-20,PHM060,,,MO,Default,https://api.weatherlink.com/v1/NoaaExt.json?user=001D0A009C72&pass=s@1c3do,ONLINE,,,,Samar,8,Salcedo Eastern Samar,,0101000020E610000000000040706A5F40000000E0564C2640
2018-12-19 07:28:29+00:00,2025-02-27 20:02:36+00:00,5061,Shell Pulo Cabuyao,14.2421,121.1153,50.0,2016-08-09,PHM061,,,MO,Default,https://api.weatherlink.com/v1/NoaaExt.json?user=001D0A009C60&pass=c@buy@o,ONLINE,,,,Laguna,4-A,Pulo-Diezmo Rd. Cabuyao,,0101000020E61000000000002061475E4000000080F47B2C40
2018-12-19 07:28:29+00:00,2025-01-28 10:02:46+00:00,5062,"Shell - Brgy. Hugo Perez, Trece Martires",14.2806,120.8873,133.0,2016-08-09,PHM062,,,MO,MO,https://api.weatherlink.com/v1/NoaaExt.json?user=001D0A009E25&pass=tr3c3&apiToken=7FD5595D48CA4E98AF24D5579DED9DD1,ONLINE,,,,Cavite,4A,"Governor's Drive Brgy. Hugo Perez, Trece Martires, Cavite",,0101000020E610000000000080C9385E40000000C0AA8F2C40
2018-12-19 07:28:29+00:00,2022-07-21 07:09:11+00:00,5063,Shell048 - Old,14.387703,120.96382,43.5,2016-08-09,PHM063,,,MO,MO,https://api.weatherlink.com/v1/NoaaExt.xml?user=001D0A009CA8&pass=1mu5,INACTIVE,,,,,,"Daang Hari Imus Cavite, Paso Blas",,0101000020E610000000000040AF3D5E400000000081C62C40
2018-12-19 07:28:29+00:00,2021-07-07 10:16:13+00:00,5064,Shell050,14.875361,120.23521,14.5,2017-01-01,PHM064,,,MO,MO,https://api.weatherlink.com/v1/NoaaExt.xml?user=001D0A009D31&pass=5ub1c,INACTIVE,,,,,,Calapandayan Subic Zambales,,0101000020E6100000000000A00D0F5E40000000602FC02D40
2021-07-07 10:30:26+00:00,2025-01-11 04:02:35+00:00,5065,Notre Dame of Marbel University,6.496,124.8422,58.0,2012-01-12,,,,MO,,https://api.weatherlink.com/v1/NoaaExt.json?user=001D0A009DE7&pass=p@s@c@0&apiToken=C7DC407FC7994176870E297E05B45D27,ONLINE,,,,South Cotabato,12,Koronadal City,,0101000020E6100000000000A0E6355F4000000060E7FB1940
2021-07-07 10:30:26+00:00,2021-07-07 10:30:26+00:00,5066,mo004,14.56097,121.0436,22.0,,,,,MO,,,INACTIVE,,,,,,"Guadalupe, Makati City (MMDA-MO Station)",,0101000020E610000000000060CA425E4000000080371F2D40
2021-07-07 10:30:26+00:00,2024-11-30 15:02:57+00:00,5067,"Caltex - U. Plata, Caloocan City",14.656809,120.99245,25.0,2012-09-20,,,,MO,,https://api.weatherlink.com/v1/NoaaExt.json?user=001D0A0056DE&pass=c@l00c@n,ONLINE,,,,,NCR,"U. Plata, Caloocan City (Caltex)",,0101000020E610000000000040843F5E400000004049502D40
2021-07-07 10:30:26+00:00,2024-11-12 17:03:00+00:00,5068,"Caltex - R10, Navotas",14.6371,120.95647,7.0,2012-09-22,,,639455964377,MO,,https://api.weatherlink.com/v1/NoaaExt.json?user=001D0A0056F6&pass=m@c@rthur,ONLINE,,,,,NCR,"Radial Road 10, Navotas",,0101000020E6100000000000C0363D5E400000000032462D40
2021-07-07 10:30:26+00:00,2025-02-28 15:02:58+00:00,5069,"Caltex - Malate, Manila",14.57273,120.99319,9.0,2012-09-26,,,,MO,,https://api.weatherlink.com/v1/NoaaExt.json?user=001D0A00575D&pass=k@yb1g@,ONLINE,,,,,NCR,"Quirino Ave. cor. San Marcelino Malate, Manila",,0101000020E610000000000060903F5E40000000E03C252D40
2021-07-07 10:30:26+00:00,2021-07-07 10:30:26+00:00,5070,mw014,14.451145,120.97924,24.0,,,,,MO,,,INACTIVE,,,,,,"Pamplona, Las Pinas City (Caltex)",,0101000020E6100000000000E0AB3E5E4000000080FCE62C40
2021-07-07 10:30:26+00:00,2021-07-07 10:30:26+00:00,5071,mw018,14.711352,121.096886,78.0,,,,,MO,,,INACTIVE,,,,,,"Brgy. Payatas B, Quezon City",,0101000020E61000000000006033465E4000000060366C2D40
2021-07-07 10:30:26+00:00,2021-07-07 10:30:26+00:00,5072,mw019,14.73381,121.128716,33.0,,,,,MO,,,INACTIVE,,,,,,"Brgy. San Jose, Rodriguez, Rizal",,0101000020E6100000000000E03C485E4000000000B6772D40
2021-07-07 10:30:26+00:00,2021-07-07 10:30:26+00:00,5073,mw020,14.6813,121.11849,41.0,,,,,MO,,,INACTIVE,,,,,,"Brgy. Ampid, San Mateo, Rizal ",,0101000020E61000000000006095475E4000000060D35C2D40
2021-07-07 10:30:26+00:00,2025-02-28 15:03:03+00:00,5074,"Caltex - Anonas, QC",14.634114,121.0586,45.0,2012-09-21,,,639457534099,MO,Data:Globe,https://api.weatherlink.com/v1/NoaaExt.json?user=001D0A005702&pass=k@mun1ng,ONLINE,,,,,NCR,"Brgy. Anonas, Quezon City (Caltex)",,0101000020E610000000000020C0435E40000000A0AA442D40
2021-07-07 10:30:26+00:00,2022-06-22 02:43:34+00:00,5075,mw004,14.669249,121.033394,48.0,,,,,MO,,,INACTIVE,,,,,,"Mindanao Avenue, Quezon City (Caltex)",2022-06-22 10:43:34,0101000020E61000000000002023425E40000000C0A7562D40
2021-07-07 10:30:26+00:00,2022-06-22 02:45:28+00:00,5076,mw021,14.57949,121.16755,250.0,,,,,MO,,,INACTIVE,,,,,,"Brgy. San Roque, Antipolo City, Rizal",2022-06-22 10:45:28,0101000020E610000000000020B94A5E40000000E0B2282D40
2021-07-07 10:30:26+00:00,2021-07-07 10:30:26+00:00,5077,mw022,14.541388,121.11559,15.0,,,,,MO,,,INACTIVE,,,,,,"Tapayan Pumping Station, Taytay, Rizal",,0101000020E6100000000000E065475E40000000C030152D40
2021-07-07 10:30:26+00:00,2021-07-07 10:30:26+00:00,5078,mw023,14.399367,121.338554,21.0,,,,,MO,,,INACTIVE,,,,,,"Brgy. Malaya, Pililla, Rizal",,0101000020E6100000000000E0AA555E40000000E079CC2C40
2021-07-07 10:30:26+00:00,2021-07-07 10:30:26+00:00,5079,mw024,14.524381,121.14466,4.0,,,,,MO,,,INACTIVE,,,,,,"Brgy. San Vicente, Angono Rizal",,0101000020E61000000000002042495E40000000A07B0C2D40
2021-07-07 10:30:26+00:00,2021-07-07 10:30:26+00:00,5080,mw025,,,,,,,,MO,,,INACTIVE,,,,,,"Boso Boso, Rizal",,
2021-07-07 10:30:26+00:00,2021-07-07 10:30:26+00:00,5081,mw026,14.386969,120.58791,38.0,,,,,MO,,,INACTIVE,,,,,,"Corregidor Island, Cavite City",,0101000020E610000000000060A0255E40000000C020C62C40
2021-07-07 10:30:26+00:00,2021-07-07 10:30:26+00:00,5082,mw027,14.610749,121.19934,164.0,,,,,MO,,,INACTIVE,,,,,,"Brgy. San Luis, Antipolo, Rizal",,0101000020E610000000000000C24C5E4000000020B4382D40
2021-07-07 10:30:26+00:00,2021-07-07 10:30:26+00:00,5083,mw029,,,,,,,,MO,,,INACTIVE,,,,,,Mt Oro Rizal,,
2021-07-07 10:30:26+00:00,2021-07-07 10:30:26+00:00,5084,makati01,14.545027,121.0182,,,,,,MO,,,INACTIVE,,,,,,"Bgy. San Lorenzo, Makati City",,0101000020E6100000000000402A415E40000000C00D172D40
2021-07-07 10:30:26+00:00,2021-07-07 10:30:26+00:00,5085,makati02,14.57036,121.02722,,,,,,MO,,,INACTIVE,,,,,,"Makati City Hall, Makati City",,0101000020E610000000000000BE415E400000004006242D40
2021-07-07 10:30:26+00:00,2021-07-07 10:30:26+00:00,5086,makati03,14.562058,121.00817,26.0,,,,,MO,,,INACTIVE,,,,,,"Bgy. San Antonio, Makati City",,0101000020E6100000000000E085405E4000000020C61F2D40
2021-07-07 10:30:26+00:00,2021-07-07 10:30:26+00:00,5087,makati04,14.559953,121.06335,27.0,,,,,MO,,,INACTIVE,,,,,,"Bgy. West Rembo, Makati City",,0101000020E6100000000000E00D445E4000000020B21E2D40
2021-07-07 10:30:26+00:00,2021-07-07 10:30:26+00:00,5088,makati05,14.552101,121.034134,29.0,,,,,MO,,,INACTIVE,,,,,,"Bgy. Forbes Park, Makati City",,0101000020E6100000000000402F425E4000000000AD1A2D40
2021-07-07 10:30:26+00:00,2021-07-07 10:30:26+00:00,5089,makati06,14.546401,121.06204,,,,,,MO,,,INACTIVE,,,,,,"Bgy. Pembo, Makati City (OSMAK)",,0101000020E610000000000080F8435E40000000E0C1172D40
2021-07-07 10:30:26+00:00,2021-07-07 10:30:26+00:00,5090,makati07,14.55826,121.04095,,,,,,MO,,,INACTIVE,,,,,,"Bgy. Pinagkaisahan, Makati City",,0101000020E6100000000000E09E425E4000000040D41D2D40
2021-07-07 10:30:26+00:00,2025-02-28 15:03:05+00:00,5091,Miag-ao MDRRMO Operation Center,10.64112,122.23521,45.0,2023-05-20,,,,MO,Default,https://api.weatherlink.com/v1/NoaaExt.json?user=001D0A009BFE&pass=s@s@d3p0t&apiToken= E353AD774918494AB62BC1C78FE03AA1,ONLINE,,,,Iloilo,6,MDRRMO Operation Center Brgy. Baybay Sur Miag-ao,,0101000020E6100000000000A00D8F5E40000000E040482540
2021-07-07 10:30:26+00:00,2021-07-07 10:30:26+00:00,5092,Shell006,10.95048,122.5003,71.5,,,,,MO,,,INACTIVE,,,,,,AQUINO NOBLEZA STREET JANIUAY,,0101000020E6100000000000E004A05E4000000060A5E62540
2021-07-07 10:30:26+00:00,2021-07-07 10:30:26+00:00,5093,Shell011,,,,,,,,MO,,,INACTIVE,,,,,,Ateneo de Naga,,
2021-07-07 10:30:26+00:00,2024-05-31 15:03:07+00:00,5094,St. Francis Xavier Sigaboy Parish,6.6553,126.0757,30.0,2015-07-11,,,,MO,Default,https://api.weatherlink.com/v1/NoaaExt.json?user=001D0A009CC1&pass=0r13ntal1&apiToken=5540BD4A3D6F4C6C8901043C4BD38F8F,ONLINE,,,,Davao Oriental,11,"St Francis Xavier Sigaboy Parish Gov. Generoso, Davao Oriental",,0101000020E610000000000040D8845F4000000000079F1A40
2021-07-07 10:30:26+00:00,2021-07-07 10:30:26+00:00,5095,Shell045,,,,,,,,MO,,,INACTIVE,,,,,,Batangas,,
2021-07-07 10:30:26+00:00,2021-07-07 10:30:26+00:00,5096,Shell049,,,,,,,,MO,,,INACTIVE,,,,,,Sto Tomas Pampanga,,
2021-10-14 05:00:06+00:00,2025-06-10 08:42:07+00:00,5097,Mirador Jesuit Villa,16.4,120.6,1517.0,,MiradorJV,,,MO,,https://api.weatherlink.com/v1/NoaaExt.json?user=001D0A005716&pass=p@nd@c@n,ONLINE,,,,Benguet,CAR,"Mirador Jesuit Villa, Baguio City",,0101000020E61000000000006066265E400000006066663040
2022-06-01 05:35:17+00:00,2024-10-31 15:03:20+00:00,5098,PSFI - Bombon,13.6813,123.2189,33.0,2022-05-28,,,,MO,,https://api.weatherlink.com/v1/NoaaExt.json?user=001D0A0056CC&pass=n@v0t@s,ONLINE,,,,Camarines Sur,5,Bombon,,0101000020E61000000000008002CE5E4000000060D35C2B40
2022-06-23 05:37:01+00:00,2025-02-28 15:03:18+00:00,5099,MO Davis Stand Alone EXP,,,,2022-06-23,,,639277716773,MO,Data:Smart,https://api.weatherlink.com/v1/NoaaExt.json?user=001D0A005760&pass=cr3stv13w,ONLINE,,,,Rizal,4A,Manila Observatory,,0101000020E610000000000060A0555E40000000800FC92C40
2022-07-21 02:39:37+00:00,2025-02-28 15:03:22+00:00,5100,"Shell - Daang Hari, Imus",14.3874,120.9638,45.0,2022-07-21,,,639455585659,MO,,https://api.weatherlink.com/v1/NoaaExt.json?user=001D0A009CA8&pass=1mu5&apiToken=CC2992EAE94744419968AE9C7A47BED0,ONLINE,,,,Cavite,4A,Daang Hari,,0101000020E6100000000000E0AE3D5E400000004059C62C40
2021-09-29 13:11:24+00:00,2022-06-23 12:20:33+00:00,6020,PSFInc - Pililla (Old),14.3926935,121.33792,26.0,2021-10-13,,,639457534054,SMS,,,INACTIVE,,,,Rizal,IV-A,"Pililla, Rizal",,0101000020E610000000000080A0555E40000000200FC92C40
2021-09-14 12:56:39+00:00,2022-06-28 14:31:31+00:00,989193,SM Center Muntinlupa - Old,,,,2021-09-15,,,639959064573,SMS,,,OFFLINE,,,,,,SM Center Muntinlupa,2022-06-28 22:31:31,
2018-12-19 07:28:27+00:00,2022-06-22 02:44:38+00:00,989197,mw011 (old),14.599617,121.028465,22.0,2017-01-01,PHM013,,,MO,MO,,INACTIVE,,,,,,"F. Blumentritt, San Juan (Caltex)",2022-06-22 10:44:38,0101000020E610000000000060D2415E400000000001332D40
2022-06-27 08:50:26+00:00,2022-06-30 15:28:16+00:00,989200,SM Seaside Cebu,,,,,,,,SMS,,,OFFLINE,,,,Cebu,7,Cebu South Coastal Rd. Brgy. Mambaling,2022-06-30 23:28:16,
2022-07-14 00:53:17+00:00,2023-10-30 07:30:19+00:00,989207,639283904361,,,,,,,,SMS,,,OFFLINE,,,,,,,2023-10-30 15:30:19,
2022-09-03 02:07:31+00:00,2023-10-30 07:30:59+00:00,989213,Shell Pag-asa Island,,,,,,,,SMS,,,OFFLINE,,,,,,,2023-10-30 15:30:59,
2022-09-28 08:27:07+00:00,2023-01-13 05:41:23+00:00,989216,639457534070 (old),,,,,,,,SMS,,,OFFLINE,,,,,,,2023-01-13 13:41:23,
2022-10-05 03:25:02+00:00,2023-10-30 07:29:06+00:00,989217,639457534088,,,,,,,,SMS,,,OFFLINE,,,,,,,2023-10-30 15:29:06,
2022-12-14 02:26:34+00:00,2023-01-24 01:50:24+00:00,989218,Smart Test,,,,,,,,MO,Default,,ONLINE,,,,,,,,
2023-02-21 06:32:08+00:00,2023-02-21 06:32:08+00:00,989219,639167980345,,,,,,,639167980345,SMS,Default,,OFFLINE,,,,,,,,
2023-03-14 05:12:25+00:00,2023-03-14 12:15:25+00:00,989220,Spare,,,,,,,,MO,Default,,INACTIVE,,,,,,,2023-03-14 20:15:25,
2023-04-19 02:05:52+00:00,2025-02-28 16:03:16+00:00,989222,Dahilayan Adventure Park,8.2056,124.8574,1264.0,2023-04-19,,,,MO,Default,https://api.weatherlink.com/v1/NoaaExt.json?user=001D0AE0A8A5&pass=uc1twinbee&apitoken=176FFD84850249B98C9EC2F73279FEE9,ONLINE,,,,Bukidnon,10,Brgy. Dahilayan,,0101000020E6100000000000A0DF365F400000006044692040
2023-04-19 04:11:02+00:00,2025-02-28 09:03:24+00:00,989223,Parasat CATV Malaybalay,8.148811,125.1329,626.0,2023-04-19,,,,MO,Default,https://api.weatherlink.com/v1/NoaaExt.json?user=001D0A005810&pass=weatherl1nk&apitoken=1F83A24E021D46D99DB661C56FF888C6,ONLINE,,,,Bukidnon,10,,,0101000020E61000000000006081485F4000000000314C2040
2023-04-20 02:40:19+00:00,2025-02-28 15:03:35+00:00,989224,Parasat Cagayan de Oro,8.4815,124.6592,30.0,2023-04-20,,,,MO,Default,https://api.weatherlink.com/v1/NoaaExt.json?user=001D0A00FA6A&pass=paras@tAWS,ONLINE,,,,Misamis Oriental,10,"Lapasan, Cagayan de Oro City",,0101000020E610000000000060302A5F400000002087F62040
2023-04-20 05:26:18+00:00,2025-02-28 15:03:40+00:00,989225,Seven Seas Waterpark,8.5187,124.6086,37.0,2023-04-20,,,,MO,Default,https://api.weatherlink.com/v1/NoaaExt.json?user=001D0A00F1FC&pass=WavePool123!&apitoken=073C119847D1406BACF0D3DF94A44B86,ONLINE,,,,Misamis Oriental,10,"Opol, Cagayan de Oro",,0101000020E610000000000040F3265F400000000093092140
2023-05-04 04:41:36+00:00,2025-06-10 08:42:07+00:00,989226,Tacloban North City Hall Extension Office - MO,11.328746,124.94966,,2023-05-09,,,639615264480,SMS,Smart,,ONLINE,,,,Leyte,8,Tacloban City,,0101000020E610000000000040C73C5F400000006051A82640
2023-05-08 03:27:22+00:00,2023-10-17 03:02:18+00:00,989227,639547795306,,,,,,,,SMS,Default,,OFFLINE,,,,,,,2023-10-17 11:02:18,
2023-05-24 03:47:40+00:00,2024-10-10 06:03:32+00:00,989228,Parasat San Carlos,10.4849,123.4114,40.0,2023-05-24,,,,MO,Default,https://api.weatherlink.com/v1/NoaaExt.json?user=001D0A005847&pass=headend&apiToken=F4138719BEF6406CBDD1DA52513C364E,ONLINE,,,,Negros Occidental,6,San Carlos,,0101000020E61000000000006054DA5E40000000E044F82440
2023-07-06 03:54:07+00:00,2025-02-28 15:03:45+00:00,989229,"Shell - Oras, Eastern Samar",12.1326,125.4363,20.0,,,,639604764472,MO,Data:Smart,https://api.weatherlink.com/v1/NoaaExt.json?user=001D0A009C66&pass=x@v13r3state$&apiToken=EB622A16249245BD8CC14AECD4D24811,ONLINE,,,,Eastern Samar,8,"Brgy. Tawagan, Oras",,0101000020E610000000000060EC5B5F4000000020E4432840
2023-07-07 07:13:22+00:00,2025-06-10 08:42:07+00:00,989230,Mercedes Municipal Hall,11.0978,125.709,47.0,2023-07-07,,,639562012546,SMS,Globe,,ONLINE,,,,Eastern Samar,8,Mercedes Municipal Hall,,0101000020E610000000000040606D5F40000000E012322640
2023-07-08 02:24:41+00:00,2025-06-10 08:42:07+00:00,989231,Balangiga MDRRMO,11.109889,125.38605,15.0,2023-07-08,,,639567612753,SMS,Globe,,ONLINE,,,,Eastern Samar,8,MDRRMO Building,,0101000020E610000000000000B5585F400000006043382640
2023-07-10 04:01:05+00:00,2023-07-10 04:05:51+00:00,989232,6309562012552,,,,,,,,SMS,Default,,OFFLINE,,,,,,,2023-07-10 12:05:51,
2023-07-10 04:03:30+00:00,2025-05-21 14:32:07+00:00,989233,"San Jose District, Tacloban",11.2076,125.0232,25.0,2023-07-10,,,639562012552,SMS,Globe,,ONLINE,,,,Leyte,8,"Brgy. 86, San Jose District, Tacloban",,0101000020E6100000000000207C415F40000000804A6A2640
2023-07-12 04:07:44+00:00,2025-02-28 07:03:27+00:00,989234,Visayas State University,10.7474,124.795,55.0,2023-07-12,,,639538331988,MO,Data:Globe,https://api.weatherlink.com/v1/NoaaExt.json?user=001D0A0100F8&pass=v!s@yas&apitoken=A906901B38C047DAAD8CE292A6D040EE,ONLINE,,,,Leyte,8,Baybay City,,0101000020E610000000000040E1325F4000000040AB7E2540
2023-07-13 03:53:00+00:00,2025-06-10 04:32:07+00:00,989235,Baybay DRRMO,10.688571,124.80778,36.0,2023-07-13,,,639667462064,SMS,Globe,,ONLINE,,,,Leyte,8,"Diversion Road Brgy. Cogon, Baybay City",,0101000020E6100000000000A0B2335F40000000608C602540
2023-08-22 06:16:31+00:00,2025-06-03 16:02:06+00:00,989236,PSFI - Turda Elementary School,12.0966,120.308,30.0,2023-08-22,,,639662139363,SMS,Globe,,ONLINE,,,,Palawan,4B,"Turda Elementary School Brgy. Turda, Coron",,0101000020E610000000000040B6135E400000008075312840
2023-08-24 03:10:58+00:00,2023-12-20 00:52:01+00:00,989237,Culion MDRRMO,11.8945,120.0189,20.0,2023-08-24,,,639065984344,SMS,Smart,,OFFLINE,,,,Palawan,4B,Culion MDRRMO,,0101000020E6100000000000A035015E40000000E0FBC92740
2023-08-24 06:13:19+00:00,2024-07-24 17:32:01+00:00,989238,PSFI - Culion National Highschool,11.8857,120.0145,104.0,2023-08-24,,,639562012557,SMS,Globe,,ONLINE,,,,Palawan,4B,"Brgy. Jardin, Culion",,0101000020E6100000000000A0ED005E40000000807AC52740
2023-08-25 06:16:11+00:00,2025-05-27 13:52:07+00:00,989239,Linapacan MDRRMO,11.490422,119.871124,20.0,2023-08-25,,,639310262602,SMS,Smart,,ONLINE,,,,Palawan,4B,"Brgy. San Miguel, Linacapan",,0101000020E610000000000080C0F75D40000000A018FB2640
2023-08-26 04:41:13+00:00,2024-05-09 14:01:19+00:00,989240,Evacuation Center - Coron MDRRMO,12.023778,120.18152,43.0,2023-08-26,,,639562012567,SMS,Globe,,OFFLINE,,,,Palawan,4B,Laundry Building Brgy. 6,,0101000020E610000000000040250D5E40000000A055FF2740
2023-08-26 07:46:05+00:00,2024-05-14 11:02:01+00:00,989241,Francisco B. Reyes Airport,12.1202,120.0994,,2023-08-26,,,639562012570,SMS,Globe,,OFFLINE,,,,Palawan,4B,Busuanga,,0101000020E6100000000000A05C065E40000000E08A3D2840
2023-08-30 04:09:17+00:00,2024-06-14 07:02:01+00:00,989242,Ayala Malls Legazpi,13.1477,123.7519,20.0,2023-08-30,,,639667461915,SMS,Globe,,OFFLINE,,,,Albay,5,"Brgy. Kapantawan, Legazpi City",,0101000020E6100000000000201FF05E40000000609F4B2A40
2023-10-02 08:24:52+00:00,2024-04-20 00:42:01+00:00,989243,Marikina River Park,14.6356,121.0938,13.0,2023-10-02,,,639959064571,SMS,Globe,,OFFLINE,,,,Metro Manila,NCR,Marikina River Park Brgy. Sto. Niño,,
2023-10-05 07:21:40+00:00,2024-12-12 10:02:01+00:00,989244,Brooke’s Point MDRRMO,8.7742,117.8392,7.0,2023-10-05,,,639773284492,SMS,Globe,,ONLINE,,,,Palawan,4B,Old Municipal Hall Brgy. Poblacion District 2,,
2023-10-05 07:26:42+00:00,2024-12-10 14:32:01+00:00,989245,PSFI - Gov. Abueg Memorial HS,8.834365,117.87787,15.0,2023-10-05,,,639562012575,SMS,Globe,,ONLINE,,,,Palawan,4B,Brgy. Barong Barong,,
2023-10-06 03:37:16+00:00,2024-12-22 14:52:01+00:00,989246,Balabac MDRRMO,7.9899,117.074,10.0,2023-10-06,,,639150889700,SMS,Globe,,ONLINE,,,,Palawan,4B,Barangay Hall Brgy. Poblacion 5,,
2023-10-07 12:03:39+00:00,2024-11-27 08:02:01+00:00,989247,PSFI - Engineering Motorpool,7.9832,117.0453,35.0,2024-03-21,,,639622065717,SMS,Smart,,ONLINE,,,,Palawan,4B,"Brgy. 6, Balabac",,
2023-10-09 02:39:33+00:00,2025-06-10 08:42:07+00:00,989248,Bataraza MDRRMO,8.6776,117.6344,27.0,2023-10-09,,,639150889701,SMS,Globe,,ONLINE,,,,Palawan,4B,"MDRRMO Building Brgy. Marangas, Bataraza",,
2023-10-09 08:43:41+00:00,2024-12-22 06:52:01+00:00,989249,PSFI - Sofronio Española Municipal Hall,8.9713,117.9994,58.0,2023-10-09,,,639774681256,SMS,Globe,,ONLINE,,,,Palawan,4B,"Brgy. Pulot Center, Sofronio Española",,
2023-10-10 04:02:14+00:00,2025-06-10 07:32:07+00:00,989250,PSFI - Brgy. Candawaga,8.8759,117.5014,13.0,2023-10-10,,,639773284485,SMS,Globe,,ONLINE,,,,Palawan,4B,Candawaga Brgy. Hall Rizal,,
2023-10-11 03:42:51+00:00,2025-06-10 08:42:07+00:00,989251,PSFI - Aramaywan HS,9.1753,118.1874,30.0,2023-10-11,,,639773284578,SMS,Smart,,ONLINE,,,,Palawan,4B,"Brgy. Aramaywan, Narra",,
2023-11-16 00:22:02+00:00,2025-05-27 13:02:07+00:00,989252,San Vicente Municipal Hall,10.5275,119.2608,45.0,2023-11-16,,,639283983182,SMS,Globe,,ONLINE,,,,Palawan,4B,"Legistative Building Poblacion, San Vicente",,
2023-11-16 10:37:18+00:00,2024-12-22 16:22:01+00:00,989253,PSFI - Araceli Port,10.55,119.9862,15.0,2023-11-16,,,639542497268,SMS,Smart,,ONLINE,,,,Palawan,4B,Araceli Port,,
2023-11-17 08:46:35+00:00,2025-05-27 13:42:07+00:00,989254,Taytay Municipal Hall,10.825,119.5182,55.0,2023-11-17,,,639310281923,SMS,Globe,,ONLINE,,,,Palawan,4B,"Brgy. Poblacion, Taytay",,
2023-11-23 04:41:49+00:00,2024-06-20 09:12:01+00:00,989255,Puerto Princessa CDRRMC,9.7552,118.7491,19.0,2023-11-23,,,639569504097,SMS,Globe,,OFFLINE,,,,Palawan,4B,Puerto Princessa Colliseum Brgy. San Pedro,,
2023-11-23 05:40:48+00:00,2024-01-16 04:03:49+00:00,989256,Puerto Princessa Coliseum,9.75485,118.74829,16.0,2023-11-23,,,,MO,Default,https://api.weatherlink.com/v1/NoaaExt.json?user=001D0AE0BE93&pass=groundzero2022,ONLINE,,,,Palawan,4B,Puerto Princessa Colliseum Brgy. San Pedro,,
2023-11-23 05:51:54+00:00,2023-11-23 07:59:49+00:00,989257,Puerto Princessa CDRRMO - Napsan,9.71715,118.45622,27.0,2023-11-23,,,,MO,Default,https://api.weatherlink.com/v1/NoaaExt.json?user=001D0AE0BE33&pass=groundzero2022,OFFLINE,,,,Palawan,4B,Brgy. Napsan,,
2023-11-23 05:53:18+00:00,2023-11-23 08:01:14+00:00,989258,Puerto Princess CDRRMO - Macarascas,10.01941,118.80965,25.0,,,,,MO,Default,https://api.weatherlink.com/v1/NoaaExt.json?user=001D0AE0BE35&pass=groundzero2022,OFFLINE,,,,Palawan,4B,Brgy. Macaracas,,
2023-11-23 05:54:03+00:00,2023-11-23 08:02:47+00:00,989259,Puerto Princessa CDRRMO - San Rafael,9.98887,118.96724,21.0,,,,,MO,Default,https://api.weatherlink.com/v1/NoaaExt.json?user=001D0AE0BE46&pass=groundzero2022,OFFLINE,,,,Palawan,4B,Brgy. San Rafael,,
2023-11-23 05:55:15+00:00,2023-11-23 08:03:57+00:00,989260,Puerto Princessa CDRRMO - Luzviminda,9.66233,118.70286,19.0,,,,,MO,Default,https://api.weatherlink.com/v1/NoaaExt.json?user=001D0AE0BE4E&pass=groundzero2022,INACTIVE,,,,Palawan,4B,Brgy. Luzviminda,,
2023-12-15 05:39:18+00:00,2023-12-15 05:39:18+00:00,989261,Busuanga MDRRMO (Rain Gauge Only),12.1323,119.9354,12.0,2023-12-15,,,639150889724,SMS,Globe,,OFFLINE,,,,Palawan,4B,"MDRRMO Building Brgy. Salvacion, Busuanga",,
2024-03-23 04:40:56+00:00,2025-06-02 08:52:07+00:00,989262,Narra MDRRMO,9.2799,118.4191,35.0,2024-03-23,,,639150889727,SMS,Globe,,ONLINE,,,,Palawan,4B,"Brgy. Antipuluhan, Narra",,
2024-04-20 04:54:27+00:00,2025-06-10 08:42:07+00:00,989263,"PSF I- Brgy. San Fernando, El Nido",11.3221,119.54,17.0,2024-04-20,,,639166470587,SMS,Globe,,ONLINE,,,,Palawan,4B,"Brgy. San Fernando, El Nido",,
2024-04-20 04:56:25+00:00,2025-06-10 08:42:07+00:00,989264,PSFI - Roxas Public Market,10.3197,119.3406,11.0,2024-04-18,,,639166470596,SMS,Globe,,ONLINE,,,,Palawan,4B,"Brgy. 2, Roxas",,
2024-05-09 13:31:34+00:00,2024-05-09 13:31:34+00:00,989265,Dumaran Municipal Hall (Rain Gauge Only),10.528217,119.77,25.0,2024-04-25,,,639284307229,SMS,Smart,,OFFLINE,,,,Palawan,4B,Brgy. Poblacion,,
2024-05-09 13:37:42+00:00,2025-06-10 07:12:07+00:00,989266,PSFI - Port Barton Elementary School,10.411181,119.17934,10.0,2024-04-25,,,639542497269,SMS,Globe,,ONLINE,,,,Palawan,4B,"Brgy. Port Barton, San Vicente",,
2024-05-10 00:26:35+00:00,2025-05-22 19:42:07+00:00,989267,Hernani Municipal Police Station,11.3237,125.6192,11.0,2024-05-10,,,639567612761,SMS,Globe,,ONLINE,,,,Eastern Samar,8,Brgy. Poblacion 2,,
2024-05-10 06:48:17+00:00,2025-05-27 15:42:07+00:00,989268,MDMCO Building,11.4995,125.5012,10.0,2024-05-10,,,639310196733,SMS,Smart,,OFFLINE,,,,Eastern Samar,8,"Brgy. 2, Maydolong",,
2024-05-14 04:31:07+00:00,2024-09-14 17:02:01+00:00,989269,SM Center Ormoc,11.0103,124.6072,24.0,2024-05-11,,,639310246028,SMS,Smart,,ONLINE,,,,Leyte,8,Real St. Brgy. 14,,
2024-05-18 03:32:05+00:00,2025-06-10 02:12:07+00:00,989270,"San Nicolas, Linapacan",11.3862,119.8126,13.0,2024-05-18,,,639773284750,SMS,Globe,,ONLINE,,,,Palawan,4B,"Brgy. San Nicolas, Linapacan",,
2024-06-05 04:22:18+00:00,2024-06-13 07:22:01+00:00,989271,Crystal Sugar Farm Maramag,7.7588,125.0417,295.0,2024-06-05,,,639310341173,SMS,Smart,,OFFLINE,,,,Bukidnon,10,"Poblacion, Maramag",,
2024-10-10 02:54:05+00:00,2025-06-10 08:42:07+00:00,989272,Donsol MDRRMO,12.9065,123.5967,24.0,2024-10-10,,,639773284579,SMS,Globe,,ONLINE,,,,Sorsogon,5,Donsol Municipal Hall,,
2024-10-10 12:19:58+00:00,2024-10-15 10:14:21+00:00,989273,DOST Rain Gauge Brgy 43,13.040392,123.76999,,2024-10-10,,,639773284576,SMS,Globe,,ONLINE,,,,Albay,5,"Brgy. 43, Legazpi City",,
2024-10-22 13:23:25+00:00,2025-06-10 08:42:07+00:00,989274,Manila Observatory (LUFFT),14.6357,121.9784,55.0,2024-10-22,,,639457534093,SMS,Globe,,ONLINE,,,,Metro Manila,NCR,Iono Bldg. Manila Observatory,,
2024-12-19 07:46:06+00:00,2024-12-19 07:46:06+00:00,989275,SM North Edsa (Rain Gauge only),14.6576,121.0297,43.0,2024-12-19,,,639602210405,SMS,Smart,,ONLINE,,,,Metro Manila,NCR,North Link Building,,
